{
  "metrics": {
    "external_pixel_change": 81.87727752553218,
    "inside_mask_movement_ratio": 0.9747159338333833,
    "inside_mask_points": [
      {
        "point_key": "0",
        "initial_distance": 79.1012010022604,
        "final_distance": 2.0,
        "movement_ratio": 0.9747159338333833
      }
    ],
    "outside_mask_movement_ratio": 0.008367754520508752,
    "outside_mask_points": [
      {
        "point_key": "1",
        "initial_distance": 119.0,
        "final_distance": 118.00423721205946,
        "movement_ratio": 0.008367754520508752
      }
    ]
  },
  "total_steps": 201,
  "blend_interval": 50,
  "reproject_steps": 25
}