{
  "metrics": {
    "external_pixel_change": 1172.7348465762977,
    "inside_mask_movement_ratio": 0.6795199871263413,
    "inside_mask_points": [
      {
        "point_key": "0",
        "initial_distance": 22.825424421026653,
        "final_distance": 1.4142135623730951,
        "movement_ratio": 0.938042178919121
      },
      {
        "point_key": "1",
        "initial_distance": 18.681541692269406,
        "final_distance": 10.816653826391969,
        "movement_ratio": 0.42099779533356174
      }
    ],
    "outside_mask_movement_ratio": 0.5154214212678113,
    "outside_mask_points": [
      {
        "point_key": "2",
        "initial_distance": 27.892651361962706,
        "final_distance": 12.041594578792296,
        "movement_ratio": 0.5682879184725531
      },
      {
        "point_key": "3",
        "initial_distance": 39.05124837953327,
        "final_distance": 2.23606797749979,
        "movement_ratio": 0.9427401665686131
      },
      {
        "point_key": "4",
        "initial_distance": 25.495097567963924,
        "final_distance": 24.596747752497688,
        "movement_ratio": 0.03523617876226781
      }
    ]
  },
  "total_steps": 201,
  "blend_interval": 50,
  "reproject_steps": 25
}