{
  "metrics": {
    "external_pixel_change": 59.88122930251901,
    "inside_mask_movement_ratio": 0.9747159338333833,
    "inside_mask_points": [
      {
        "point_key": "0",
        "initial_distance": 79.1012010022604,
        "final_distance": 2.0,
        "movement_ratio": 0.9747159338333833
      }
    ],
    "outside_mask_movement_ratio": -3.530761762959855e-05,
    "outside_mask_points": [
      {
        "point_key": "1",
        "initial_distance": 119.0,
        "final_distance": 119.00420160649792,
        "movement_ratio": -3.530761762959855e-05
      }
    ]
  },
  "total_steps": 201,
  "blend_interval": 50,
  "reproject_steps": 50
}